Index,Airport,Airport Code,Latitude,Longitude,City,Country
1,Aberdeen Regional Airport,ABR,45.44910049,-98.42179871,Aberdeen,United States
2,Abilene Regional Airport,ABI,32.41130066,-99.68190002,Abilene,United States
3,Rafael Hernandez Airport,BQN,18.49489975,-67.12940216,"Aguadilla,Puerto Rico",Puerto Rico
4,Akron Canton Regional Airport,CAK,40.91609955,-81.44219971,Akron,United States
5,Southwest Georgia Regional Airport,ABY,31.53549957,-84.19450378,"Albany, GA",United States
6,Albany International Airport,ALB,42.74829865,-73.80169678,"Albany, NY",United States
7,Albuquerque International Sunport,ABQ,35.040199,-106.609001,Albuquerque,United States
8,Alexandria International Airport,AEX,31.32740021,-92.54979706,Alexandria,United States
9,Lehigh Valley International Airport,ABE,40.65209961,-75.44080353,Allentown,United States
10,Alpena County Regional Airport,APN,45.0780983,-83.56030273,Alpena,United States
11,Rick Husband Amarillo International Airport,AMA,35.219398,-101.706001,Amarillo,United States
12,Ted Stevens Anchorage International Airport,ANC,61.17440033,-149.9960022,Anchorage,United States
13,Appleton International Airport,ATW,44.2580986,-88.51909637,Appleton,United States
14,Asheville Regional Airport,AVL,35.43619919,-82.54180145,Asheville,United States
15,Aspen-Pitkin Co/Sardy Field,ASE,39.22320175,-106.8690033,Aspen,United States
16,Hartsfield Jackson Atlanta International Airport,ATL,33.6367,-84.428101,Atlanta,United States
17,Atlantic City International Airport,ACY,39.45759964,-74.57720184,Atlantic City,United States
18,Augusta State Airport,AUG,44.3205986,-69.79730225,Augusta,United States
19,Austin Bergstrom International Airport,AUS,30.19449997,-97.66989899,Austin,United States
20,Meadows Field,BFL,35.43360138,-119.0569992,Bakersfield,United States
21,Baltimore/Washington International Thurgood Marshall Airport,BWI,39.1754,-76.668297,Baltimore,United States
22,Bangor International Airport,BGR,44.80739975,-68.82810211,Bangor,United States
23,Baton Rouge Metropolitan Airport,BTR,30.533199,-91.149597,Baton Rouge,United States
24,Jack Brooks Regional Airport,BPT,29.95079994,-94.02069855,Beaumont,United States
25,Bemidji Regional Airport,BJI,47.50939941,-94.93370056,Bemidji,United States
26,Billings Logan International Airport,BIL,45.80770111,-108.5429993,Billings,United States
27,Greater Binghamton/Edwin A Link field,BGM,42.20869827,-75.97979736,Binghamton,United States
28,Birmingham-Shuttlesworth International Airport,BHM,33.56290054,-86.75350189,Birmingham,United States
29,Bismarck Municipal Airport,BIS,46.77270126,-100.7460022,Bismarck,United States
30,Central Illinois Regional Airport at Bloomington-Normal,BMI,40.47710037,-88.91590118,Bloomington,United States
31,Boise Air Terminal/Gowen Field,BOI,43.5644,-116.223,Boise,United States
32,General Edward Lawrence Logan International Airport,BOS,42.36429977,-71.00520325,Boston,United States
33,Gallatin Field,BZN,45.77750015,-111.1529999,Bozeman,United States
34,Brainerd Lakes Regional Airport,BRD,46.39830017,-94.13809967,Brainerd,United States
35,Branson Airport,BKG,36.53194,-93.20056,Branson,United States
36,Brownsville South Padre Island International Airport,BRO,25.90679932,-97.42590332,Brownsville,United States
37,Brunswick Golden Isles Airport,BQK,31.25880051,-81.46649933,Brunswick,United States
38,Buffalo Niagara International Airport,BUF,42.94049835,-78.73220062,Buffalo,United States
39,Hollywood Burbank/Bob Hope Airport,BUR,34.20069885,-118.3590012,Burbank,United States
40,Burlington International Airport,BTV,44.47190094,-73.15329742,Burlington,United States
41,Bert Mooney Airport,BTM,45.95479965,-112.4970016,Butte,United States
42,Casper-Natrona County International Airport,CPR,42.90800095,-106.4639969,Casper,United States
43,Cedar City Regional Airport,CDC,37.70100021,-113.098999,Cedar City,United States
44,The Eastern Iowa Airport,CID,41.88470078,-91.71080017,Cedar Rapids,United States
45,University of Illinois Willard Airport,CMI,40.03919983,-88.27809906,Champaign,United States
46,Charleston International Airport,CHS,32.89249643,-80.03766652,"Charleston, SC",United States
47,Charleston Executive Airport,JZI,32.70090103,-80.00289917,"Charleston, WV",United States
48,Charlotte Douglas International Airport,CLT,35.2140007,-80.94309998,Charlotte,United States
49,Charlottesville Albemarle Airport,CHO,38.1385994,-78.45290375,"Charlottesville, VA",United States
50,Lovell Field/Chattanooga Airport,CHA,35.03530121,-85.20379639,Chattanooga,United States
51,Chicago O'Hare International Airport,ORD,41.9786,-87.9048,Chicago,United States
52,Range Regional Airport,HIB,47.38667,-92.83889,Chisholm,United States
53,Cincinnati Northern Kentucky International Airport,CVG,39.04880142,-84.6678009,Cincinnati,United States
54,North Central West Virginia Airport,CKB,39.29660034,-80.22810364,"Clarksburg, Morgantown",United States
55,Cleveland Hopkins International Airport,CLE,41.4117012,-81.84980011,Cleveland,United States
56,Yellowstone Regional Airport,COD,44.52019882,-109.0240021,Cody,United States
57,Easterwood Field,CLL,30.58860016,-96.36380005,College Station,United States
58,City of Colorado Springs Municipal Airport,COS,38.805801,-104.700996,Colorado Springs,United States
59,Jim Hamilton L.B. Owens Airport,CUB,33.97050095,-80.99520111,Columbia,United States
60,John Glenn Columbus International Airport,CMH,39.998001,-82.891899,Columbus,United States
61,Columbus Metropolitan Airport,CSG,32.5163002,-84.93890381,"Columbus, Ft. Benning",United States
62,Golden Triangle Regional Airport,GTR,33.4501982,-88.58815098,"Columbus, Starkville West Point",United States
63,Concord Regional Airport,USA,35.387798,-80.709099,Concord,United States
64,Corpus Christi International Airport,CRP,27.77039909,-97.50119781,Corpus Christi,United States
65,Dallas Love Field,DAL,32.847099,-96.851799,Dallas,United States
66,James M Cox Dayton International Airport,DAY,39.90240097,-84.2193985,Dayton,United States
67,Daytona Beach International Airport,DAB,29.179899,-81.058098,Daytona Beach,United States
68,Denver International Airport,DEN,39.86169815,-104.6729965,Denver,United States
69,Des Moines International Airport,DSM,41.5340004,-93.6631012,Des Moines,United States
70,Detroit Metropolitan Wayne County Airport,DTW,42.21239853,-83.35340118,Detroit,United States
71,Dothan Regional Airport,DHN,31.32130051,-85.44960022,Dothan,United States
72,Dubuque Regional Airport,DBQ,42.40200043,-90.70950317,"Dubuque, LA",United States
73,Duluth International Airport,DLH,46.84209824,-92.19360352,Duluth,United States
74,Durango-La Plata County Airport,DRO,37.15083273,-107.7523303,Durango,Mexico
75,Eagle County Regional Airport,EGE,39.64260101,-106.9179993,Eagle/Vail/Beaver Creek,United States
76,El Paso International Airport,ELP,31.80719948,-106.3779984,El Paso,United States
77,El Paso International Airport,ELP,31.80719948,-106.3779984,El Paso,United States
78,Elko Regional Airport,EKO,40.82490158,-115.7919998,Elko,United States
79,Elmira Corning Regional Airport,ELM,42.15990067,-76.89160156,"Elmira, Corning",United States
80,Erie International Tom Ridge Field,ERI,42.08312701,-80.17386675,Erie,United States
81,Delta County Airport,ESC,45.72269821,-87.09369659,Escanaba,United States
82,Mahlon Sweet Field,EUG,44.12459946,-123.211998,Eugene,United States
83,Evansville Regional Airport,EVV,38.03699875,-87.53240204,Evansville,United States
84,Fairbanks International Airport,FAI,64.81510162,-147.8560028,Fairbanks,United States
85,Hector International Airport,FAR,46.92070007,-96.81580353,Fargo,United States
86,Fayetteville Regional Grannis Field,FAY,34.99119949,-78.88030243,Fayetteville,United States
87,Flagstaff Pulliam Airport,FLG,35.13850021,-111.6709976,Flagstaff,United States
88,Bishop International Airport,FNT,42.9654007,-83.74359894,Flint,United States
89,Florence Regional Airport,FLO,34.1853981,-79.72389984,Florence,United States
90,Fort Lauderdale Hollywood International Airport,FLL,26.072599,-80.152702,Fort Lauderdale,United States
91,Southwest Florida International Airport,RSW,26.53499786,-81.75316365,Fort Myers,United States
92,Fort Smith Regional Airport,FSM,35.33660126,-94.36740112,Fort Smith,United States
93,Northwest Florida Regional Airport,VPS,30.48333333,-86.52527778,Forth Walton Beach,United States
94,Fort Wayne International Airport,FWA,40.97850037,-85.19509888,Fort Wayne,United States
95,Fresno Yosemite International Airport,FAT,36.77619934,-119.7180023,Fresno,United States
96,Gainesville Regional Airport,GNV,29.69009972,-82.27179718,Gainesville,United States
97,Garden City Regional Airport,GCK,37.92750168,-100.723999,Garden City,United States
98,Central Nebraska Regional Airport,GRI,40.96749878,-98.30960083,Grand Island,United States
99,Grand Junction Regional Airport,GJT,39.12239838,-108.5270004,Grand Junction,United States
100,Gerald R. Ford International Airport,GRR,42.88079834,-85.52279663,Grand Rapids,United States
101,Grand Forks International Airport,GFK,47.949299,-97.176102,Grand Forks,United States
102,Great Falls International Airport,GTF,47.48199844,-111.3710022,Great Falls,United States
103,Green Bay Austin Straubel International Airport,GRB,44.48509979,-88.12960052,Green Bay,United States
104,Piedmont Triad International Airport,GSO,36.09780121,-79.93730164,Greensboro,United States
105,Greenville Spartanburg International Airport,GSP,34.89569855,-82.21890259,Greenville,United States
106,Gulfport Biloxi International Airport,GPT,30.40730095,-89.07009888,Gulfport,United States
107,Gunnison Crested Butte Regional Airport,GUC,38.53390121,-106.9329987,Gunnison,United States
108,Hagerstown Regional Richard A Henson Field,HGR,39.707901,-77.72949982,Hagerstown,United States
109,Valley International Airport,HRL,26.22850037,-97.65440369,Harlingen,United States
110,Harrisburg International Airport,MDT,40.18949924,-76.75799697,Harrisburg,United States
111,Hartford Brainard Airport,HFD,41.73669815,-72.6493988,Hartford,United States
112,Hattiesburg Bobby L Chain Municipal Airport,HBG,31.26479912,-89.25279999,Hattiesburg,United States
113,Yampa Valley Airport,HDN,40.48120117,-107.2180023,Hayden,United States
114,Helena Regional Airport,HLN,46.60680008,-111.9830017,Helena,United States
115,Daniel K Inouye International Airport,HNL,21.32062,-157.924228,Honolulu,United States
116,George Bush Intercontinental Houston Airport,IAH,29.9843998,-95.34140015,Houston,United States
117,Tri-State/Milton J. Ferguson Field,HTS,38.36669922,-82.55799866,"Huntington, Tri-State",United States
118,Huntsville International Carl T Jones Field,HSV,34.6371994,-86.77510071,Huntsville,United States
119,Idaho Falls Regional Airport,IDA,43.514599,-112.070999,Idaho Falls,United States
120,Indianapolis International Airport,IND,39.7173,-86.294403,Indianapolis,United States
121,Falls International Airport,INL,48.56620026,-93.40309906,International Falls,United States
122,Ford Airport,IMT,45.81840134,-88.11450195,"Iron Mountain, Kingsfield",United States
123,Long Island Mac Arthur Airport,ISP,40.79520035,-73.10019684,Islip,United States
124,Ithaca Tompkins Regional Airport,ITH,42.49100113,-76.45839691,Ithaca,United States
125,Jackson-Medgar Wiley Evers International Airport,JAN,32.31119919,-90.07589722,Jackson,United States
126,Jackson Hole Airport,JAC,43.6072998,-110.737999,Jackson Hole,United States
127,Jacksonville International Airport,JAX,30.49410057,-81.68789673,Jacksonville,United States
128,Jacksonville International Airport,JAX,30.49410057,-81.68789673,"Jacksonville, Camplejeune",United States
129,Joplin Regional Airport,JLN,37.15179825,-94.49829865,Joplin,United States
130,Juneau International Airport,JNU,58.35499954,-134.576004,Juneau,United States
131,Kahului Airport,OGG,20.8986,-156.429993,Kahului,United States
132,Kalamazoo Battle Creek International Airport,AZO,42.23490143,-85.55210114,Kalamazoo,United States
133,Glacier Park International Airport,FCA,48.3105011,-114.2559967,Kalispell,United States
134,Kansas City International Airport,MCI,39.2976,-94.713898,Kansas City,United States
135,Ketchikan International Airport,KTN,55.35559845,-131.7140045,Ketchikan,United States
136,Key West International Airport,EYW,24.55610085,-81.75959778,Key West,United States
137,Killeen-Fort Hood Regional Airport,GRK,31.06719971,-97.8289032,Killeen,United States
138,McGhee Tyson Airport,TYS,35.81100082,-83.9940033,Knoxville,United States
139,Ellison Onizuka Kona International At Keahole Airport,KOA,19.738783,-156.045603,Kona,United States
140,La Crosse Municipal Airport,LSE,43.879002,-91.256699,La Crosse,United States
141,Lafayette Regional Airport,LFT,30.20529938,-91.98760223,Lafayette,United States
142,Lake Charles Regional Airport,LCH,30.12610054,-93.22329712,Lake Charles,United States
143,Capital Region International Airport,LAN,42.77870178,-84.58740234,Lansing,United States
144,Laredo International Airport,LRD,27.54380035,-99.46160126,Laredo,United States
145,McCarran International Airport,LAS,36.08010101,-115.1520004,Las Vegas,United States
146,Arnold Palmer Regional Airport,LBE,40.27590179,-79.40480042,Latrobe,United States
147,Lawton Fort Sill Regional Airport,LAW,34.56769943,-98.41660309,Lawton,United States
148,Lewiston Nez Perce County Airport,LWS,46.37450027,-117.0149994,Lewiston,United States
149,Blue Grass Airport,LEX,38.03516653,-84.60349758,Lexington,United States
150,Lihue Airport,LIH,21.97599983,-159.3390045,Lihue,United States
151,Lincoln Airport,LNK,40.85100174,-96.75920105,Lincoln,United States
152,Bill & Hillary Clinton National Airport/Adams Field,LIT,34.72940063,-92.22429657,Little Rock,United States
153,Long Beach /Daugherty Field/ Airport,LGB,33.81769943,-118.1520004,Long Beach,United States
154,Long Island MacArthur Airport,ISP,40.79049684,-73.10016627,Long Island,United States
155,East Texas Regional Airport,GGG,32.38399887,-94.71150208,Longview,United States
156,Los Angeles International Airport,LAX,33.94250107,-118.4079971,Los Angeles,United States
157,Louisville International Standiford Field,SDF,38.1744,-85.736,Louisville,United States
158,Lubbock Preston Smith International Airport,LBB,33.663601,-101.822998,Lubbock,United States
159,Lynchburg Regional Preston Glenn Field,LYH,37.3266983,-79.20040131,Lynchburg,United States
160,Dane County Regional Truax Field,MSN,43.13990021,-89.33750153,Madison,United States
161,Manchester Airport,MAN,53.35369873,-2.274950027,Manchester,United Kingdom
162,Manhattan Regional Airport,MHK,39.14099884,-96.67079926,Manhattan,United States
163,Marquette Airport,MQT,46.53390121,-87.56140137,Marquette,United States
164,Marthas Vineyard Airport,MVY,41.39306,-70.61444,Marthas Vineyard,United States
165,Mc Allen Miller International Airport,MFE,26.17580032,-98.23860168,Mcallen,United States
166,Rogue Valley International Medford Airport,MFR,42.37419891,-122.8730011,Medford,United States
167,Memphis International Airport,MEM,35.04240036,-89.97669983,Memphis,United States
168,Meridian Regional Airport,MEI,32.33259964,-88.75189972,Meridian,United States
169,Miami International Airport,MIA,25.79319954,-80.29060364,Miami,United States
170,Midland International Airport,MAF,31.94249916,-102.2020035,Midland,United States
171,MBS International Airport,MBS,43.52633123,-84.0744997,"Midland, Saginaw",United States
172,General Mitchell International Airport,MKE,42.94720078,-87.89659882,Milwaukee,United States
173,Minneapolis-St Paul International/Wold-Chamberlain Airport,MSP,44.882,-93.221802,Minneapolis,United States
174,Minot International Airport,MOT,48.25939941,-101.2799988,Minot,United States
175,Missoula International Airport,MSO,46.91630173,-114.0910034,Missoula,United States
176,Mobile Regional Airport,MOB,30.69120026,-88.24279785,Mobile,United States
177,Quad City International Airport,MLI,41.44850159,-90.50749969,Moline,United States
178,Monroe Regional Airport,MLU,32.51089859,-92.03769684,Monroe,United States
179,Monterey Peninsula Airport,MRY,36.5870018,-121.8430023,Monterey,United States
180,Montgomery Regional (Dannelly Field) Airport,MGM,32.30059814,-86.39399719,Montgomery,United States
181,Montrose Regional Airport,MTJ,38.50979996,-107.8939972,"Montrose, CO",United States
182,Myrtle Beach International Airport,MYR,33.67969894,-78.92829895,Myrtle Beach,United States
183,Nantucket Memorial Airport,ACK,41.25310135,-70.06020355,Nantucket,United States
184,Nashville International Airport,BNA,36.12450027,-86.67819977,Nashville,United States
185,Lynden Pindling International Airport,NAS,25.03899956,-77.46620178,"Nassau, Bahamas",Bahamas
186,Coastal Carolina Regional Airport,EWN,35.07300186,-77.04290009,New Bern,United States
187,Tweed New Haven Airport,HVN,41.26369858,-72.88680267,New Haven,United States
188,Louis Armstrong New Orleans International Airport,MSY,29.99340057,-90.25800323,New Orleans,United States
189,La Guardia Airport,LGA,40.77301357,-73.87022985,New York,United States
190,Newark Liberty International Airport,EWR,40.69250107,-74.16870117,Newark,United States
191,New York Stewart International Airport,SWF,41.5041008,-74.10479736,"Newburgh, Stewart",United States
192,Newport News Williamsburg International Airport,PHF,37.13190079,-76.49299622,Newport News,United States
193,Norfolk International Airport,ORF,36.89459991,-76.20120239,Norfolk,United States
194,Metropolitan Oakland International Airport,OAK,37.721298,-122.221001,Oakland,United States
195,Ogden Hinckley Airport,OGD,41.19589996,-112.012001,Ogden,United States
196,Will Rogers World Airport,OKC,35.39310074,-97.60070038,Oklahoma City,United States
197,Eppley Airfield,OMA,41.3032,-95.894096,Omaha,United States
198,Ontario International Airport,ONT,34.05599976,-117.6009979,Ontario,United States
199,John Wayne Airport-Orange County Airport,SNA,33.67570114,-117.8679962,Orange County,United States
200,Orlando International Airport,MCO,28.42939949,-81.30899811,"Orlando, CA",United States
201,Owensboro Daviess County Airport,OWB,37.74010086,-87.16680145,Owensboro,United States
202,Palm Springs International Airport,PSP,33.82970047,-116.5070038,Palm Springs,United States
203,Northwest Florida Beaches International Airport,ECP,30.357106,-85.795414,Panama City,United States
204,Tri Cities Airport PSC,PSC,46.26470184,-119.1190033,Pasco,United States
205,Pellston Regional Airport of Emmet County Airport,PLN,45.57089996,-84.79669952,"Pellston, Mackinac Island",United States
206,Pensacola Regional Airport,PNS,30.47340012,-87.18659973,Pensacola,United States
207,General Wayne A. Downing Peoria International Airport,PIA,40.66419983,-89.69329834,Peoria,United States
208,Philadelphia International Airport,PHL,39.87189865,-75.2410965,Philadelphia,United States
209,Phoenix Sky Harbor International Airport,PHX,33.43429947,-112.012001,Phoenix,United States
210,Pittsburgh International Airport,PIT,40.49150085,-80.23290253,Pittsburgh,United States
211,Plattsburgh International Airport,PBG,44.65090179,-73.4681015,Plattsburgh,United States
212,Pocatello Regional Airport,PIH,42.90980148,-112.5960007,Pocatello,United States
213,Portland International Airport,PDX,45.58869934,-122.5979996,Portland,United States
214,Portland International Jetport Airport,PWM,43.64619827,-70.30930328,"Portland, ME",United States
215,Portsmouth International at Pease Airport,PSM,43.07789993,-70.82330322,Portsmouth,United States
216,Theodore Francis Green State Airport,PVD,41.73260117,-71.42040253,Providence,United States
217,Provo Municipal Airport,PVU,40.21920013,-111.7229996,Provo,United States
218,Raleigh Durham International Airport,RDU,35.87760162,-78.78749847,Raleigh-Durham,United States
219,Rapid City Regional Airport,RAP,44.04529953,-103.0569992,Rapid City,United States
220,Redmond Municipal Airport,RDM,44.2541008,-121.1500015,Redmond-Bend,United States
221,Reno Tahoe International Airport,RNO,39.49909973,-119.7679977,Reno,United States
222,Rhinelander Oneida County Airport,RHI,45.63119888,-89.46749878,Rhinelander,United States
223,Richmond International Airport,RIC,37.50519943,-77.31970215,Richmond,United States
224,Roanoke-Blacksburg Regional Airport,ROA,37.3255,-79.975403,"Roanoke, VA",United States
225,Rochester International Airport,RST,43.90829849,-92.5,"Rochester, MN",United States
226,Greater Rochester International Airport,ROC,43.1189003,-77.67240143,"Rochester, NY",United States
227,Roswell International Air Center Airport,ROW,33.30160141,-104.5309982,Roswell,United States
228,Sacramento International Airport,SMF,38.69540024,-121.5910034,Sacramento,United States
229,Cyril E. King Airport,STT,18.33729935,-64.9733963,St. Thomas,Virgin Islands
230,Salisbury Ocean City Wicomico Regional Airport,SBY,38.34049988,-75.51029968,Salisbury,United States
231,Salt Lake City International Airport,SLC,40.78839874,-111.9779968,Salt Lake City,United States
232,San Angelo Regional Mathis Field,SJT,31.35770035,-100.4960022,San Angelo,United States
233,San Antonio International Airport,SAT,29.53370094,-98.46980286,San Antonio,United States
234,San Diego International Airport,SAN,32.73360062,-117.1900024,San Diego,United States
235,San Francisco International Airport,SFO,37.61899948,-122.375,San Francisco,United States
236,Norman Y. Mineta San Jose International Airport,SJC,37.362598,-121.929001,San Jose,United States
237,Luis Munoz Marin International Airport,SJU,18.43939972,-66.00180054,San Juan,Puerto Rico
238,San Luis County Regional Airport,SBP,35.23680115,-120.6419983,San Luis Obispo,United States
239,John Wayne Airport-Orange County Airport,SNA,33.67570114,-117.8679962,Santa Ana,United States
240,Santa Barbara Municipal Airport,SBA,34.42620087,-119.8399963,Santa Barbara,United States
241,Santa Fe Municipal Airport,SAF,35.61709976,-106.0889969,Santa Fe,United States
242,Charles M. Schulz Sonoma County Airport,STS,38.50899887,-122.8130035,Santa Rosa,United States
243,Santa Maria Pub/Capt G Allan Hancock Field,SMX,34.89889908,-120.4570007,Santa Maria,United States
244,Sarasota Bradenton International Airport,SRQ,27.39539909,-82.55439758,Sarasota,United States
245,Chippewa County International Airport,CIU,46.25080109,-84.47239685,Sault Ste Marie,United States
246,Savannah Hilton Head International Airport,SAV,32.12760162,-81.20210266,Savannah,United States
247,Seattle Tacoma International Airport,SEA,47.449001,-122.308998,Seattle,United States
248,Shreveport Regional Airport,SHV,32.446602,-93.8256,Shreveport,United States
249,Sioux Gateway Col. Bud Day Field,SUX,42.40259933,-96.38439941,Sioux City,United States
250,Joe Foss Field/Sioux Falls Regional Airport,FSD,43.58200073,-96.74189758,Sioux Falls,United States
251,Sitka Rocky Gutierrez Airport,SIT,57.04710007,-135.3619995,Sitka,United States
252,South Bend Regional Airport,SBN,41.70869827,-86.31729889,South Bend,United States
253,Spokane International Airport,GEG,47.61989975,-117.5339966,Spokane,United States
254,Springfield Branson National Airport,SGF,37.24570084,-93.38860321,Springfield,United States
255,St George Airport,SGO,-28.04969978,148.5950012,St. George,Australia
256,St Louis Lambert International Airport,STL,38.748697,-90.370003,St. Louis,United States
257,St Cloud Regional Airport,STC,45.54660034,-94.05989838,Saint Cloud,United States
258,University Park Airport,SCE,40.84930038,-77.84870148,State College Pennsylvania,United States
259,Stillwater Regional Airport,SWO,36.16120148,-97.08570099,Stillwater,United States
260,Stockton Metropolitan Airport,SCK,37.89419937,-121.237999,Stockton,United States
261,Friedman Memorial Airport,SUN,43.50389,-114.29556,Sun Valley,United States
262,Syracuse Hancock International Airport,SYR,43.11119843,-76.10630035,Syracuse,United States
263,Tallahassee Regional Airport,TLH,30.39649963,-84.35030365,Tallahassee,United States
264,Tampa International Airport,TPA,27.97550011,-82.53320313,Tampa,United States
265,Texarkana Regional Webb Field,TXK,33.45370102,-93.99099731,Texarkana,United States
266,Toledo Express Airport,TOL,41.58679962,-83.80780029,Toledo,United States
267,Cherry Capital Airport,TVC,44.74140167,-85.5821991,Traverse City,United States
268,Trenton Mercer Airport,TTN,40.27669907,-74.81349945,Trenton,United States
269,Tri-Cities Airport TRI,TRI,36.47179311,-82.40445005,Tri-Cities,United States
270,Tucson International Airport,TUS,32.11610031,-110.9410019,Tucson,United States
271,Tulsa International Airport,TUL,36.19839859,-95.88809967,Tulsa,United States
272,Joslin Field Magic Valley Regional Airport,TWF,42.4818,-114.487999,Twin Falls,United States
273,Tyler Pounds Regional Airport,TYR,32.35409927,-95.40239716,Tyler,United States
274,Eagle County Regional Airport,EGE,39.64260101,-106.9179993,Vail,United States
275,Valdosta Regional Airport,VLD,30.7754969,-83.27233224,Valdosta,United States
276,Waco Regional Airport,ACT,31.61129951,-97.23049927,Waco,United States
277,Ronald Reagan Washington National Airport,DCA,38.8521,-77.037697,Washington,United States
278,Waterloo Regional Airport,ALO,42.55709839,-92.40029907,Waterloo,United States
279,Watertown International Airport,ART,43.9919014,-76.021698,Watertown,United States
280,Wausau Downtown Airport,AUW,44.92620087,-89.62660217,Wausau,United States
281,Palm Beach International Airport,PBI,26.68320084,-80.09559631,West Palm Beach,United States
282,Yellowstone Airport,WYS,44.68840027,-111.1179962,West Yellowstone,United States
283,Westchester County Airport,HPN,41.06700134,-73.70760345,White Plains,United States
284,Wichita Eisenhower National Airport,ICT,37.649899,-97.433098,Wichita,United States
285,Sheppard Air Force Base-Wichita Falls Municipal Airport,SPS,33.9888,-98.491898,Wichita Falls,United States
286,Wilkes Barre Wyoming Valley Airport,WBW,41.29719925,-75.85119629,Wilkes-Barre,United States
287,Williamsport Regional Airport,IPT,41.2417984,-76.9210968,Williamsport,United States
288,Williston Basin International Airport,XWA,48.17789841,-103.6419983,Williston,United States
289,Wilmington International Airport,ILM,34.27059937,-77.90260315,Wilmington,United States
290,Yuma MCAS/Yuma International Airport,YUM,32.65660095,-114.6060028,Yuma,United States
